id,timestamp,aqi,pm2_5,pm10,co,no2,o3,so2,hour,day,weekday,anomaly
1,2026-07-17 14:54:48,4,64.12,66.66,508.77,3.62,129.69,4.91,14,17,Friday,1
2,2026-07-17 14:55:44,4,64.12,66.66,508.77,3.62,129.69,4.91,14,17,Friday,1
3,2026-07-17 15:00:02,4,64.12,66.66,508.77,3.62,129.69,4.91,15,17,Friday,1
4,2026-07-17 16:03:49,4,71.83,75.19,522.48,4.51,134.23,5.2,16,17,Friday,1
5,2026-07-17 18:39:46,5,80.25,88.38,734.61,17.07,89.47,7.83,18,17,Friday,-1
6,2026-07-17 18:39:50,5,80.25,88.38,734.61,17.07,89.47,7.83,18,17,Friday,-1
7,2026-07-17 20:08:18,4,66.21,77.92,819.3,20.94,62.39,6.56,20,17,Friday,1
8,2026-07-18 09:56:47,3,41.27,45.42,683.29,12.6,49.52,6.05,9,18,Saturday,1
9,2026-07-18 09:56:48,3,41.27,45.42,683.29,12.6,49.52,6.05,9,18,Saturday,1
10,2026-07-18 10:03:49,3,41.27,45.42,683.29,12.6,49.52,6.05,10,18,Saturday,1
11,2026-07-18 13:03:50,3,42.93,48.56,682.93,14.68,57.11,7.09,13,18,Saturday,1
12,2026-07-18 14:09:02,3,43.57,50.17,730.48,18.36,55.6,8.16,14,18,Saturday,1
13,2026-07-18 14:09:41,3,43.57,50.17,730.48,18.36,55.6,8.16,14,18,Saturday,1
14,2026-07-18 14:10:29,3,43.57,50.17,730.48,18.36,55.6,8.16,14,18,Saturday,1
15,2026-07-18 15:03:45,3,42.15,49.58,769.13,22.52,53.95,9.41,15,18,Saturday,1
16,2026-07-18 18:03:48,3,40.41,47.54,836.08,25.09,42.5,9.47,18,18,Saturday,1
17,2026-07-18 21:03:49,3,29.79,33.58,705.69,17.52,35.34,5.73,21,18,Saturday,1
18,2026-07-18 22:03:44,3,33.66,37.27,736.02,17.16,35.74,5.58,22,18,Saturday,1
19,2026-07-18 23:03:47,3,37.82,41.02,765.27,16.59,36.64,5.25,23,18,Saturday,1
20,2026-07-19 11:03:47,3,29.91,33.35,654.1,16.14,14.47,5.1,11,19,Sunday,1
21,2026-07-19 13:03:49,3,31.92,35.29,676.04,16.98,15.18,5.55,13,19,Sunday,1
22,2026-07-19 14:03:46,3,32.35,35.42,671.87,17.03,17.41,5.62,14,19,Sunday,1
23,2026-07-19 15:46:23,3,33.23,35.75,644.8,15.67,25.74,5.35,15,19,Sunday,1
24,2026-07-19 16:03:49,3,33.23,35.75,644.8,15.67,25.74,5.35,16,19,Sunday,1
25,2026-07-19 16:51:32,3,34.73,37.13,630.63,15.85,29.94,5.18,16,19,Sunday,1
26,2026-07-19 17:03:43,3,34.73,37.13,630.63,15.85,29.94,5.18,17,19,Sunday,1
27,2026-07-19 18:13:33,3,36.51,38.9,628.47,16.58,31.83,5.15,18,19,Sunday,1
28,2026-07-19 20:03:46,3,30.59,33.44,681.87,19.18,24.45,5.71,20,19,Sunday,1
29,2026-07-19 21:03:47,3,32.74,36.08,712.52,20.35,21.01,5.84,21,19,Sunday,1
30,2026-07-19 22:03:44,3,34.22,37.64,742.1,21.56,17.35,6.06,22,19,Sunday,1
31,2026-07-19 23:03:53,3,35.85,39.17,783.03,23.22,13.85,5.98,23,19,Sunday,1
32,2026-07-20 00:03:44,3,37.39,40.21,817.88,24.69,10.93,5.59,0,20,Monday,1
33,2026-07-20 01:03:47,3,38.24,40.43,835.22,25.39,8.89,5.11,1,20,Monday,1
34,2026-07-20 02:03:45,3,39.17,41.06,839.8,25.68,7.79,4.95,2,20,Monday,1
35,2026-07-20 03:04:33,3,39.19,40.83,827.76,25.41,7.39,4.86,3,20,Monday,1
36,2026-07-20 12:35:26,3,34.99,38.9,797.93,18.72,15.35,7.09,12,20,Monday,1
37,2026-07-20 13:03:47,3,34.99,38.9,797.93,18.72,15.35,7.09,13,20,Monday,1
38,2026-07-20 14:03:43,3,33.7,37.45,797.21,19.71,17.45,6.97,14,20,Monday,1
39,2026-07-20 15:03:43,3,32.5,36.22,797.51,20.41,18.72,7.03,15,20,Monday,1
40,2026-07-20 17:21:00,3,32.77,36.35,809.99,27.76,13.63,7.63,17,20,Monday,1
41,2026-07-20 17:21:34,3,32.77,36.35,809.99,27.76,13.63,7.63,17,20,Monday,1
42,2026-07-20 17:24:42,3,32.77,36.35,809.99,27.76,13.63,7.63,17,20,Monday,1
43,2026-07-20 18:03:45,3,32.77,36.35,809.99,27.76,13.63,7.63,18,20,Monday,1
44,2026-07-20 20:03:47,3,32.66,37.16,881.51,30.13,2.67,7.53,20,20,Monday,1
45,2026-07-20 21:03:44,3,32.91,37.54,873.21,29.75,3.35,7.16,21,20,Monday,1
46,2026-07-20 22:03:47,3,32.28,36.53,849.8,28.9,4.24,6.96,22,20,Monday,1
47,2026-07-20 23:03:45,3,31.84,35.31,832.03,28.29,4.79,6.57,23,20,Monday,1
48,2026-07-21 10:03:48,2,22.79,25.47,530.5,13.97,23.61,5.68,10,21,Tuesday,1
49,2026-07-21 11:03:45,2,24.55,27.42,522.26,11.9,36.71,6.23,11,21,Tuesday,1
50,2026-07-21 16:12:05,4,66.86,69.26,495.51,7.07,124.61,6.47,16,21,Tuesday,1
51,2026-07-21 19:03:48,4,72.06,75.11,612.66,12.75,93.63,6.95,19,21,Tuesday,1
52,2026-07-21 20:03:45,2,18.75,21.37,336.69,8.21,65.05,5.3,20,21,Tuesday,1
53,2026-07-21 21:03:44,2,19.76,22.95,365.59,9.54,59.82,6.15,21,21,Tuesday,1
54,2026-07-21 22:03:45,2,21.24,25.38,387.98,10.46,56.38,6.75,22,21,Tuesday,1
55,2026-07-21 23:03:46,2,22.69,27.86,405.92,10.98,53.78,7.4,23,21,Tuesday,1
56,2026-07-22 10:03:48,2,23.22,25.64,442.43,9.21,47.77,5.51,10,22,Wednesday,1
57,2026-07-22 18:24:38,2,19.39,21.07,376.8,11.1,55.27,4.62,18,22,Wednesday,1
58,2026-07-22 19:03:47,2,19.39,21.07,376.8,11.1,55.27,4.62,19,22,Wednesday,1
59,2026-07-22 19:24:17,3,28.7,31.18,378.45,10.01,73.74,5.84,19,22,Wednesday,1
60,2026-07-22 20:03:43,3,27.18,30.05,388.22,10.71,66.17,5.94,20,22,Wednesday,1
61,2026-07-22 20:24:18,3,27.65,30.71,400.77,10.9,62.05,5.97,20,22,Wednesday,1
62,2026-07-22 21:03:45,3,27.65,30.71,400.77,10.9,62.05,5.97,21,22,Wednesday,1
63,2026-07-22 21:24:21,3,29.16,32.51,411.87,10.77,59.9,6.01,21,22,Wednesday,1
64,2026-07-22 22:03:49,3,29.16,32.51,411.87,10.77,59.9,6.01,22,22,Wednesday,1
65,2026-07-22 22:24:19,3,29.16,32.51,411.87,10.77,59.9,6.01,22,22,Wednesday,1
66,2026-07-22 23:03:44,3,30.99,34.68,422.88,10.7,58.21,6.11,23,22,Wednesday,1
67,2026-07-23 12:03:48,2,14.65,16.68,474.9,13.08,35.9,5.91,12,23,Thursday,1
68,2026-07-23 14:03:48,2,21.19,22.92,511.46,12.93,43.03,5.73,14,23,Thursday,1
69,2026-07-23 15:03:44,3,27.87,29.55,523.07,12.6,51.52,5.72,15,23,Thursday,1
70,2026-07-23 16:03:47,3,37.31,39.14,538.14,12.8,63.75,5.81,16,23,Thursday,1
71,2026-07-23 17:03:45,3,45.09,47.23,559.77,14.14,71.77,6.11,17,23,Thursday,1
72,2026-07-23 18:03:49,3,49.84,52.36,584.51,16.23,74.68,6.4,18,23,Thursday,1
73,2026-07-23 19:03:44,4,52.55,55.58,608.63,17.74,74.69,6.8,19,23,Thursday,1
74,2026-07-23 20:03:44,3,49.7,54.16,581.31,14.15,78.84,7.33,20,23,Thursday,1
75,2026-07-23 21:03:44,4,57.26,62.82,648.96,15.5,74.47,8.19,21,23,Thursday,1
76,2026-07-23 22:03:45,4,64.24,69.99,696.83,15.84,71.41,8.27,22,23,Thursday,1
77,2026-07-24 12:03:48,3,36.1,38.71,665.01,15.12,36.62,6.33,12,24,Friday,1
78,2026-07-24 18:36:09,3,34.04,37.66,663.44,21.65,32.36,6.57,18,24,Friday,1
79,2026-07-24 19:03:47,3,34.04,37.66,663.44,21.65,32.36,6.57,19,24,Friday,1
80,2026-07-24 19:36:07,3,45.38,55.79,932.43,26.94,15.0,9.52,19,24,Friday,1
81,2026-07-24 20:03:43,3,45.38,55.79,932.43,26.94,15.0,9.52,20,24,Friday,1
82,2026-07-24 20:36:03,3,49.09,59.84,965.16,26.8,13.67,9.33,20,24,Friday,1
83,2026-07-24 21:03:43,3,49.09,59.84,965.16,26.8,13.67,9.33,21,24,Friday,1
84,2026-07-24 21:47:11,4,51.85,62.88,973.6,26.52,12.31,8.45,21,24,Friday,1
85,2026-07-24 22:03:44,4,51.85,62.88,973.6,26.52,12.31,8.45,22,24,Friday,1
86,2026-07-24 22:36:04,4,54.4,65.98,987.23,26.69,11.09,7.87,22,24,Friday,1
87,2026-07-25 12:03:49,3,38.07,40.22,374.56,2.93,105.07,3.86,12,25,Saturday,1
88,2026-07-25 15:03:47,3,28.31,29.83,262.58,1.89,108.98,3.05,15,25,Saturday,-1
89,2026-07-25 16:03:44,3,27.11,29.21,285.34,3.49,99.32,3.53,16,25,Saturday,1
90,2026-07-25 22:03:48,4,60.04,78.18,990.94,29.42,14.22,6.45,22,25,Saturday,-1
91,2026-07-26 11:03:48,4,67.69,72.99,617.2,7.32,90.47,7.19,11,26,Sunday,1
92,2026-07-26 12:03:43,5,80.59,85.35,575.99,4.89,113.92,6.99,12,26,Sunday,-1
93,2026-07-26 13:03:44,4,67.71,71.15,455.32,3.03,117.77,5.46,13,26,Sunday,1
94,2026-07-26 14:03:49,3,47.4,49.83,355.99,2.56,106.54,4.1,14,26,Sunday,1
95,2026-07-26 15:11:22,3,36.93,38.94,317.45,2.73,99.72,3.75,15,26,Sunday,1
96,2026-07-26 16:03:44,3,32.3,34.32,313.91,3.62,94.49,3.85,16,26,Sunday,1
97,2026-07-26 16:11:05,3,32.3,34.32,313.91,3.62,94.49,3.85,16,26,Sunday,1
98,2026-07-26 17:03:44,3,32.19,34.6,338.81,5.62,88.31,4.4,17,26,Sunday,1
99,2026-07-26 17:11:04,3,32.19,34.6,338.81,5.62,88.31,4.4,17,26,Sunday,1
100,2026-07-26 20:03:48,3,46.2,52.94,500.3,12.36,76.12,5.67,20,26,Sunday,1
101,2026-07-26 21:03:44,4,52.86,62.24,613.01,15.96,61.42,6.3,21,26,Sunday,1
102,2026-07-26 22:03:44,4,58.37,69.55,701.08,18.31,50.18,6.56,22,26,Sunday,1
103,2026-07-27 09:03:49,3,40.74,44.68,665.52,15.13,33.74,6.24,9,27,Monday,1
104,2026-07-27 11:03:48,3,28.43,31.85,558.48,14.24,40.88,6.33,11,27,Monday,1
105,2026-07-27 16:02:38,3,32.05,37.41,614.97,14.25,51.08,6.67,16,27,Monday,1
106,2026-07-27 16:03:43,3,32.05,37.41,614.97,14.25,51.08,6.67,16,27,Monday,1
107,2026-07-27 18:03:48,3,32.75,37.04,571.49,14.24,60.03,6.49,18,27,Monday,1
108,2026-07-27 19:03:50,4,50.63,57.18,624.17,14.24,75.26,6.72,19,27,Monday,1
109,2026-07-27 20:03:44,4,57.55,68.58,774.4,19.11,52.0,7.18,20,27,Monday,1
110,2026-07-27 21:03:44,4,64.93,80.08,914.21,22.8,36.82,7.53,21,27,Monday,1
111,2026-07-27 22:03:49,4,70.96,88.72,1019.2,25.02,27.21,7.69,22,27,Monday,1
112,2026-07-27 23:03:44,5,75.9,94.68,1093.89,25.71,21.69,7.55,23,27,Monday,-1
